{
  "mae": 0.3459915112643129,
  "r2": 0.574970169887726,
  "rmse": 0.4352614799222325
}