{
  "mae": 0.4600322245033375,
  "r2": 0.27748587805339175,
  "rmse": 0.5674971680704062
}